entreprise,site,zone,ville,score
Valtech,https://www.valtech.fr/,Paris (Paris-Centre),Paris,6
L'Atelier Digital,https://latelierdigital.paris,Paris (Paris-Centre),Paris,6
Agence RVA,https://www.agencerva.com/,Paris (Paris-Centre),Paris,6
Société d'Aménagement et de Développement des Villes et du Département du Val-de-Marne,https://sadev94.fr/sadev94/,Paris (Paris-Centre),Paris,6
Kitesy Martin Studio,https://kitesymartinstudio.com/,Paris (Paris-Centre),Paris,6
Defensive Lab Agency,https://defensive-lab.agency,Paris (Paris-Centre),Paris,6
Actadem 92 - Agence Asnières-sur-Seine,https://www.actadem.fr/actadem-agency/3-ctadem-92-asnieres/,Paris (Paris-Centre),Paris,6
WebFabrick,https://www.webfabrick.com/,Paris (Paris-Centre),Paris,6
Agence d’Architecture Studio,https://architecturestudio.fr/,Paris (Paris-Centre),Paris,6
Transdev - Siège social,https://www.transdev.com/,Paris (Paris-Centre),Paris,6
Atelier de conception Création Production,https://accp.studio,Paris (Paris-Centre),Paris,6
High Tech Station,https://hightechstation.fr,Paris (Paris-Centre),Paris,6
Trout Software,https://trout.software/,Paris (Paris-Centre),Paris,6
Infopro Digital,https://www.infopro-digital.com/,Paris (Paris-Centre),Paris,6
SNCF Connect & Tech,https://www.sncf-connect-tech.fr/,Paris (Paris-Centre),Paris,6
Architecture Frédéric Lebard,https://www.studio-afl.com/,Paris (Paris-Centre),Paris,6
Agence Dire,https://dire.agency/,Paris (Paris-Centre),Paris,6
Webedia,https://fr.webedia-group.com/,Paris (Paris-Centre),Paris,6
Randstad Digital,https://www.randstaddigital.fr/,Paris (Paris-Centre),Paris,6
Le comptoir ITC,https://www.itcpiercing.com/nos-points-de-vente,Paris (Paris-Centre),Paris,4
Apple Store,https://www.apple.com/fr/retail/champs-elysees/,Paris (Paris-Centre),Paris,4
"Theodo Cloud, expert DevOps / SecOps",https://cloud.theodo.com/,Paris (Paris-Centre),Paris,4
Apple Store,http://www.apple.fr,Paris (Paris-Centre),Paris,4
Qui Toque,https://quitoque.fr,Paris (Paris-Centre),Paris,4
Canauxrama,https://www.canauxrama.com/,Paris (Paris-Centre),Paris,4
Speed Rabbit Pizza,https://paris-kleber.speedrabbitpizza.com/,Paris (Paris-Centre),Paris,4
Speed Rabbit Pizza,https://vitry-sur-seine.speedrabbitpizza.com/,Paris (Paris-Centre),Paris,4
Institut d'Enseignement Supérieur d'Informatique et de Gestion,http://www.iesig.com,Paris (Paris-Centre),Paris,4
meilleurtaux.com,https://www.meilleurtaux.com/,Paris (Paris-Centre),Paris,4
Atelier Baste Batlle Architectes,https://www.abba.archi/,Paris (Paris-Centre),Paris,4
Quintiq France,https://www.quintiq.fr/,Paris (Paris-Centre),Paris,4
CITEPA,https://www.citepa.org/,Paris (Paris-Centre),Paris,4
L'Atelier sous les Toits,http://lateliersouslestoits.free.fr/,Paris (Paris-Centre),Paris,4
SESC SA (Société des Éditions Scientifiques et Culturelles),https://www.lequotidiendumedecin.fr/,Paris (Paris-Centre),Paris,4
Princeps Éditions,http://www.sfalcoologie.asso.fr,Paris (Paris-Centre),Paris,4
Société d'Édition Publique,https://www.acteurspublics.com/,Paris (Paris-Centre),Paris,4
T.T.M Éditions,http://www.beauxartsmagazine.com,Paris (Paris-Centre),Paris,4
Cinq Étoiles Productions,https://www.5eproductions.com/,Paris (Paris-Centre),Paris,4
S. N. Éditions Anne Carrière,https://anne-carriere.fr/,Paris (Paris-Centre),Paris,4
LVMH Moët Hennessy Louis Vuitton,http://www.lvmh.fr/,Paris (Paris-Centre),Paris,4
Fusion Traiteur,https://www.pavillon-gourmet.fr,Paris (Paris-Centre),Paris,4
Air Productions,http://www.airprod.com/,Paris (Paris-Centre),Paris,4
Air Products,https://www.airproducts.fr/,Paris (Paris-Centre),Paris,4
France Quick SAS,https://www.quick.fr/,Paris (Paris-Centre),Paris,4
Wanda productions,https://www.wanda.net/,Paris (Paris-Centre),Paris,4
Editions SEFI - Arnaud Franel,http://www.sefi-arnaud-franel.com/,Paris (Paris-Centre),Paris,4
La maison des travaux,https://issylesmoulineaux.lamaisondestravaux.com/,Paris (Paris-Centre),Paris,4
Cook'n With Class Paris,https://cooknwithclass.com/paris/,Paris (Paris-Centre),Paris,4
IDD (International Drug Development),http://idd-sa.com/,Paris (Paris-Centre),Paris,4
younited-credit,https://www.younited-credit.com/,Paris (Paris-Centre),Paris,4
Huawei Technologies,https://www.huawei.com/,Paris (Paris-Centre),Paris,4
Galitt,https://www.galitt.fr/,Paris (Paris-Centre),Paris,4
Prestige Facilities,https://www.prestige-facilities.com/,Paris (Paris-Centre),Paris,4
Withings,https://withings.com/,Paris (Paris-Centre),Paris,4
Luxurynsight,https://www.luxurynsight.com,Paris (Paris-Centre),Paris,4
La Ruche qui dit Oui !,https://www.laruchequiditoui.fr,Paris (Paris-Centre),Paris,4
Mappy,https://www.mappy.com,Paris (Paris-Centre),Paris,4
Syma Mobile (SAV),https://www.symamobile.com/,Paris (Paris-Centre),Paris,4
Agence Centrale Des Organismes De Sécurité Sociale,https://www.acoss.fr,Paris (Paris-Centre),Paris,4
Neufville Gayet Architectes,https://www.neufville-gayet.com/,Paris (Paris-Centre),Paris,4
Siteparc,http://www.siteparc.fr,Paris (Paris-Centre),Paris,4
Œuvre de Secours aux Enfants,https://www.ose-france.org/,Paris (Paris-Centre),Paris,4
inFABric - architecture design urbanism,https://www.infabric.eu,Paris (Paris-Centre),Paris,4
"fair, scop d'architecture",https://www.fair.archi,Paris (Paris-Centre),Paris,4
ISIT Intercultural School,https://www.isit-paris.fr/adresse-lisit/,Paris (Paris-Centre),Paris,4
VeryShow productions,https://verygroup.fr/veryshow/,Paris (Paris-Centre),Paris,4
Nuxly,https://www.nuxly.com,Paris (Paris-Centre),Paris,4
Novilux,http://novilux.sonepar.fr,Paris (Paris-Centre),Paris,4
Triomphe Sécurité,https://www.triomphe-securite.fr,Paris (Paris-Centre),Paris,4
Neocles Corporate - Activité virtualisation d'Orange Business Services,https://www.orange-business.com/fr,Paris (Paris-Centre),Paris,4
Scality,https://www.scality.com/,Paris (Paris-Centre),Paris,4
Cash its informatique,https://cashits.fr/,Paris (Paris-Centre),Paris,4
ATDL Architectes,https://www.atdl.archi,Paris (Paris-Centre),Paris,4
Hérault Arnod Architectures,https://www.herault-arnod.fr/,Paris (Paris-Centre),Paris,4
Destination Jeux,https://www.destinationjeux.fr,Paris (Paris-Centre),Paris,4
Threekit,https://www.threekit.com/fr/,Paris (Paris-Centre),Paris,4
OCTO Technology,https://www.octo.com,Paris (Paris-Centre),Paris,4
Mobilités Demain,https://www.mobilites-demain.com/,Paris (Paris-Centre),Paris,4
DigiDux,https://digidux.com/,Paris (Paris-Centre),Paris,4
CERPE - Centre d'Études et de Recherche pour la Petite Enfance,http://www.cerpe.info/,Paris (Paris-Centre),Paris,4
FURN - Architecture intérieure,https://www.furn.paris/,Paris (Paris-Centre),Paris,4
"Le Berre Vevaud, architecte d'intérieur",https://leberrevevaud.com,Paris (Paris-Centre),Paris,4
Velita,https://www.velita.fr/,Paris (Paris-Centre),Paris,4
Institut culinaire de Paris,https://www.institut-culinaire-de-paris.fr/,Paris (Paris-Centre),Paris,4
Olivier Daurat Architecture,https://www.olivier-daurat-architecture.fr/,Paris (Paris-Centre),Paris,4
Le28 Architectes,https://www.levingthuit-architectes.com/,Paris (Paris-Centre),Paris,4
Nogema Technology SAS,https://www.nogema.com/,Paris (Paris-Centre),Paris,4
Digitad,https://digitad.fr/,Paris (Paris-Centre),Paris,4
Les éditions de l'épure,https://www.epure-editions.com/,Paris (Paris-Centre),Paris,4
Sofy France - Agence Et Solutions Digitale,https://sofy.fr/,Paris (Paris-Centre),Paris,4
X-Ray Production,https://www.xrayproduction.com/,Paris (Paris-Centre),Paris,4
Le Lys Bleu Editions,https://www.lysbleueditions.com/,Paris (Paris-Centre),Paris,4
architecte paysagiste,https://follea-gautier.com/,Paris (Paris-Centre),Paris,4
Société des Auteurs et Compositeurs Dramatiques,https://www.sacd.fr/,Paris (Paris-Centre),Paris,4
DST sécurité,https://dst-securite.fr/,Paris (Paris-Centre),Paris,4
jbmn architectes,https://www.jbmn.eu/,Paris (Paris-Centre),Paris,4
Éditions Flammarion,https://editions.flammarion.com/,Paris (Paris-Centre),Paris,4
Éditions Macula,https://www.editionsmacula.com,Paris (Paris-Centre),Paris,4
C&F éditions,https://cfeditions.com/,Paris (Paris-Centre),Paris,4
Paris Habitat,https://www.parishabitat.fr/nous-connaitre/nos-implantations/,Paris (Paris-Centre),Paris,4
SCOB - Production vidéo,https://www.scobprod.com/,Paris (Paris-Centre),Paris,4
Local Search Software by GMBapi.com,https://gmbapi.com/locations/france/,Paris (Paris-Centre),Paris,4
Bien Vieillir - Solidarité Plus,https://bienvieillir-idf.org/,Paris (Paris-Centre),Paris,4
Spotfwi - Agence De Marketing Digital,https://spotfwi.fr/,Paris (Paris-Centre),Paris,4
Latitudes,https://latitudes.cc,Paris (Paris-Centre),Paris,4
Kelvin technologies,https://www.go-kelvin.com/,Paris (Paris-Centre),Paris,4
Jen's Mobiles Accessories,https://www.jensmobiles.fr/,Paris (Paris-Centre),Paris,4
Kostok Vitry – Location de Box & Garde-Meuble,https://www.costockage.fr/louer-un-box-vitry-sur-seine-11284,Paris (Paris-Centre),Paris,4
Guimier,https://guimier.fr/,Paris (Paris-Centre),Paris,4
It Premium,https://www.itpremium-montparnasse.fr,Paris (Paris-Centre),Paris,4
Centre Services Bagneux - Ménage et Repassage,https://bagneux.centreservices.fr/,Paris (Paris-Centre),Paris,4
Digital & Services Informatiques,https://dsinformatiques.fr,Paris (Paris-Centre),Paris,4
Chauvin-Arnoux,https://chauvin-arnoux.com/,Paris (Paris-Centre),Paris,4
Institut 4.10,https://institutquatredix.fr/,Paris (Paris-Centre),Paris,4
M4 Sécurité,https://m4s.com,Paris (Paris-Centre),Paris,4
Atelier Une Architecture,https://www.atelierunearchitecture.com,Paris (Paris-Centre),Paris,4
Quietvox,https://www.quietvox.com,Paris (Paris-Centre),Paris,4
Crédit Expert,https://www.creditexpert.fr/rachat-de-credit/rachat-de-credit-immobilier/levallois-perret/,Paris (Paris-Centre),Paris,4
Temps Présent Éditions,https://www.temps-present.fr/,Paris (Paris-Centre),Paris,4
Bureau Transition énergétique,https://bte-france.fr/,Paris (Paris-Centre),Paris,4
Groupe d'architecture Ellipse,https://www.groupearchitectureellipse.fr/,Paris (Paris-Centre),Paris,4
Sapiens Architectes,https://sapiens.archi/,Paris (Paris-Centre),Paris,4
Boris Bouchet Architectes,https://borisbouchet.com/,Paris (Paris-Centre),Paris,4
La Petite Académie,https://www.lapetiteacademie.com/,Paris (Paris-Centre),Paris,4
Gil Mann Architecture,http://www.gilmann.com/,Paris (Paris-Centre),Paris,4
Meilleurtaux,https://www.meilleurtaux.com/,Paris (Paris-Centre),Paris,4
Modelar | Rénovation & Conception d'intérieurs | Depuis 2002,https://www.modelar.fr,Paris (Paris-Centre),Paris,4
Aleph Écriture,https://www.aleph-ecriture.fr/,Paris (Paris-Centre),Paris,4
ICI Montreuil,https://makeici.org/location-atelier/ici-montreuil/,Paris (Paris-Centre),Paris,4
Lykken architectures,https://www.lykken.fr/,Paris (Paris-Centre),Paris,4
Akamai Technologies,https://www.akamai.com/,Paris (Paris-Centre),Paris,4
Centre national d'exploitation du système électrique,https://www.rte-france.com,Paris (Paris-Centre),Paris,4
Société d’Exploitation de la Tour Eiffel,http://www.tour-eiffel.biz/,Paris (Paris-Centre),Paris,4
La Casita Montessori,https://casita-montessori.fr,Paris (Paris-Centre),Paris,4
Groupe Française des Jeux,https://www.groupefdj.com/fr/,Paris (Paris-Centre),Paris,4
Yesss électrique,https://www.yesss-fr.com/agence/yesss-paris-10,Paris (Paris-Centre),Paris,3
Apef Services Paris Diderot Bastille,https://www.apef.fr/nos-agences/apef-paris-diderot,Paris (Paris-Centre),Paris,3
Tout À Dom Services Paris 17Ème,https://toutadomservices.com/agences/agence-de-paris-17eme,Paris (Paris-Centre),Paris,3
Anacours,https://www.anacours.com/agence/asnieres-sur-seine-92600,Paris (Paris-Centre),Paris,3
Un temps pour vous,https://www.untempspourvous.fr/femme-de-menage/14-agence-montrouge,Paris (Paris-Centre),Paris,3
Web Geo Services,https://www.webgeoservices.com/,Paris (Paris-LaDefense),Paris,6
Petits-Fils,https://www.petits-fils.com/nos-agences/agence-de-boulogne,Paris (Paris-LaDefense),Paris,6
Studios Post & Prod,http://www.studiospostprod.com/studio/boulogne-billancourt-studio/,Paris (Paris-LaDefense),Paris,6
Actadem 92 - Agence Rueil-Malmaison,https://actadem.fr/agences/rueil-malmaison-92.php,Paris (Paris-LaDefense),Paris,6
Techsell,https://www.techsell.fr/,Paris (Paris-LaDefense),Paris,6
Tech'advantage,https://www.tech-advantage.com,Paris (Paris-LaDefense),Paris,6
ILLUIN Technology,https://illuin.tech,Paris (Paris-LaDefense),Paris,6
Local & Digital,https://local-digital.fr/,Paris (Paris-LaDefense),Paris,6
Agence Architecture Nicolas Rossignol,http://www.agence-aanr.com/,Paris (Paris-LaDefense),Paris,6
Transdev Ile-de-France Nanterre,https://www.transdev-idf.com/reseau-bus-transdev_ile_de_france_nanterre,Paris (Paris-LaDefense),Paris,6
Oberthur Technologies,https://www.oberthur.com/,Paris (Paris-LaDefense),Paris,4
FL-330 Studio,https://fl-330.com,Paris (Paris-LaDefense),Paris,4
Speed Rabbit Pizza,https://suresnes.speedrabbitpizza.com/,Paris (Paris-LaDefense),Paris,4
Thomas Traiteur,http://www.thomastraiteur.fr,Paris (Paris-LaDefense),Paris,4
Vision IT Group,http://www.visionitgroup.fr,Paris (Paris-LaDefense),Paris,4
Alten Techno Paris,https://www.alten.fr/,Paris (Paris-LaDefense),Paris,4
Proximity BBDO,http://www.proximity.bbdo.fr,Paris (Paris-LaDefense),Paris,4
Editialis,http://www.editialis.fr,Paris (Paris-LaDefense),Paris,4
France Télévisions Publicité,http://www.ftv-publicite.fr,Paris (Paris-LaDefense),Paris,4
Agence Générale de Nettoyage A.G.N,http://www.agn92.fr,Paris (Paris-LaDefense),Paris,4
Vitalliance,https://www.vitalliance.fr/,Paris (Paris-LaDefense),Paris,4
Risc Group IT Solutions / Navaho,http://www.navaho.fr/ www.risc-group-itsolutions.com,Paris (Paris-LaDefense),Paris,4
Enata / Opentech Informtique,http://www.enata.fr,Paris (Paris-LaDefense),Paris,4
Yoplait,https://www.yoplait.fr/,Paris (Paris-LaDefense),Paris,4
Newell Rubbermaid / Sanford Écriture,http://www.newellrubbermaid.com,Paris (Paris-LaDefense),Paris,4
Avenir et Sérénité Patrimoniale,https://avenirserenite.e-monsite.com/,Paris (Paris-LaDefense),Paris,4
Huissier de justice,https://www.huissiers-cambron.com/contactez-nous-chatou,Paris (Paris-LaDefense),Paris,4
Louis Dreyfus Armateurs,https://www.lda.fr/,Paris (Paris-LaDefense),Paris,4
EMTS - PUTEAUX,https://www.emts-environment.com/,Paris (Paris-LaDefense),Paris,4
Centre Services Puteaux - Ménage et Repassage,https://puteaux.centreservices.fr/,Paris (Paris-LaDefense),Paris,4
Citron,https://citron.io/,Paris (Paris-LaDefense),Paris,4
Ménage Parfait Services,https://menageparfait.fr,Paris (Paris-LaDefense),Paris,4
Itancia,https://www.itancia.com/,Paris (Paris-LaDefense),Paris,4
RPS Research France,https://www.rpsweb.com/,Paris (Paris-LaDefense),Paris,3
Artémis Communication,https://www.agenceartemis.fr/,Paris (Paris-LaDefense),Paris,3
In Extenso Courbevoie,https://www.inextenso.fr/agence/expert-comptable-courbevoie/,Paris (Paris-LaDefense),Paris,3
Socop,http://www.socop.net,Paris (Paris-LaDefense),Paris,1
Renaissens,https://www.renaissens.com/,Paris (Paris-LaDefense),Paris,1
Promogim Île-de-France,https://www.promogim.fr/,Paris (Paris-LaDefense),Paris,1
SBG Systems,https://www.sbg-systems.com/,Paris (Paris-LaDefense),Paris,1
Levert Électroménager,http://etslevert.fr/,Paris (Paris-LaDefense),Paris,1
L'Atelier du Mac,https://atelier-mac.com/,Paris (Paris-LaDefense),Paris,1
IFP Energies nouvelles,https://www.ifpenergiesnouvelles.fr/,Paris (Paris-LaDefense),Paris,1
PcDuo.fr,https://pcduo.fr/,Paris (Paris-LaDefense),Paris,1
GLIA,http://www.glia.fr,Paris (Paris-LaDefense),Paris,1
2M Offshore,http://www.2moffshore.com,Paris (Paris-LaDefense),Paris,1
AECOM France,https://www.aecom.com/,Paris (Paris-LaDefense),Paris,1
Berger-Levrault,https://www.berger-levrault.com/,Paris (Paris-LaDefense),Paris,1
Laboratoires Majorelle,http://www.codepharma-pro.com,Paris (Paris-LaDefense),Paris,1
Santeclair,https://www.santeclair.fr/,Paris (Paris-LaDefense),Paris,1
Raboni (CRH),https://raboni.fr/,Paris (Paris-LaDefense),Paris,1
Masterlease France,http://www.masterlease.fr,Paris (Paris-LaDefense),Paris,1
Lincoln,https://www.lincoln.fr/,Paris (Paris-LaDefense),Paris,1
EG Labo - Laboratoires Eurogenerics,https://www.eglabo.fr/,Paris (Paris-LaDefense),Paris,1
Armatis,https://www.armatis.com/,Paris (Paris-LaDefense),Paris,1
Star Office & Compagnie,http://www.staroffice-et-compagnie.com,Paris (Paris-LaDefense),Paris,1
Spie Batignolles TPCI,https://www.spiebatignolles.fr/,Paris (Paris-LaDefense),Paris,1
Kalidea,https://www.groupekalidea.com/,Paris (Paris-LaDefense),Paris,1
Aubay,https://www.aubay.com/,Paris (Paris-LaDefense),Paris,1
Adex Ingénierie,http://www.adex.fr,Paris (Paris-LaDefense),Paris,1
Veepee,http://www.veepee.com,Paris (Paris-LaDefense),Paris,1
Novedia Consulting,http://www.novediagroup.com,Paris (Paris-LaDefense),Paris,1
Direct Medica,http://www.directmedica.com,Paris (Paris-LaDefense),Paris,1
Shire France,http://www.shirefrance.com,Paris (Paris-LaDefense),Paris,1
Omnicom Media Group France,https://www.omnicommediagroup.com/,Paris (Paris-LaDefense),Paris,1
Openbridge,https://www.openbridge.fr/,Paris (Paris-LaDefense),Paris,1
CLM BBDO,http://www.clmbbdo.com,Paris (Paris-LaDefense),Paris,1
Thyssenkrupp Ascenseurs,https://www.thyssenkrupp-ascenseurs.fr/,Paris (Paris-LaDefense),Paris,1
Meotec,https://meotec.com/,Paris (Paris-LaDefense),Paris,1
JT International France,https://www.jti.com/,Paris (Paris-LaDefense),Paris,1
Repsco Promotion / Ilane,https://repsco.fr/,Paris (Paris-LaDefense),Paris,1
Groupe CAT - Compagnie d'Affrêtement et de Transport,https://www.groupecat.com/,Paris (Paris-LaDefense),Paris,1
Lagardère Entertainment,https://www.lagardere.com/,Paris (Paris-LaDefense),Paris,1
Saint-Jude Medical France,http://www.sjm.com,Paris (Paris-LaDefense),Paris,1
Novescia,http://www.novescia.fr,Paris (Paris-LaDefense),Paris,1
Circular Pro-Vente,http://www.circular-pro-call.fr,Paris (Paris-LaDefense),Paris,1
Metanext,https://www.metanext.com/,Paris (Paris-LaDefense),Paris,1
Alten (Groupe),https://www.alten.fr/,Paris (Paris-LaDefense),Paris,1
Maersk France,https://www.maersk.com/,Paris (Paris-LaDefense),Paris,1
ZTE Corporation,http://www.zte.com.fr,Paris (Paris-LaDefense),Paris,1
Sidetrade,https://www.sidetrade.com/,Paris (Paris-LaDefense),Paris,1
TBWA \ CORPORATE,https://www.tbwa-corporate.com/,Paris (Paris-LaDefense),Paris,1
Being (Tbwa),http://www.being.fr,Paris (Paris-LaDefense),Paris,1
E-Graphics (Tbwa),http://www.e-graphicsworldwide.com,Paris (Paris-LaDefense),Paris,1
Press Index,http://www.pressindex.com,Paris (Paris-LaDefense),Paris,1
Le Nettoyage,http://www.lenettoyage.fr,Paris (Paris-LaDefense),Paris,1
Viveris,https://www.viveris.fr/,Paris (Paris-LaDefense),Paris,1
Sogeres,https://www.sogeres.fr/,Paris (Paris-LaDefense),Paris,1
Prosodie,https://www.prosodie.fr/,Paris (Paris-LaDefense),Paris,1
Spie Batignolles,https://www.spiebatignolles.fr/,Paris (Paris-LaDefense),Paris,1
TBWA \ Paris,http://www.hellotbwa365.com,Paris (Paris-LaDefense),Paris,1
TBWA France (Groupe),http://www.tbwa-france.com,Paris (Paris-LaDefense),Paris,1
Degetel,https://www.degetel.com/,Paris (Paris-LaDefense),Paris,1
Neotilus (Degetel),https://www.degetel.com/,Paris (Paris-LaDefense),Paris,1
Clear Channel France,https://www.clearchannel.fr/,Paris (Paris-LaDefense),Paris,1
Schwartzkopf,https://www.schwarzkopf-professional.com/,Paris (Paris-LaDefense),Paris,1
Henkel France,https://www.henkel.fr/,Paris (Paris-LaDefense),Paris,1
Brasseries Kronenbourg,http://www.brasseries-kronenbourg.com,Paris (Paris-LaDefense),Paris,1
W & CIE,https://www.wcie.fr/,Paris (Paris-LaDefense),Paris,1
Wavestone,https://www.wavestone.com,Paris (Paris-LaDefense),Paris,1
GERA,https://www.gera-architectes.com/,Paris (Paris-LaDefense),Paris,1
UFF - Ufi France,https://www.uff.net/,Paris (Paris-LaDefense),Paris,1
Maestria,http://www.maestria-concept.com,Paris (Paris-LaDefense),Paris,1
La Bananeraie,https://www.micheletaugustin.com/,Paris (Paris-LaDefense),Paris,1
Ellisphere,https://ellisphere.com/fr,Paris (Paris-LaDefense),Paris,1
Intertek Certification France,https://www.intertek-france.com/,Paris (Paris-LaDefense),Paris,1
Nanterre Ensemble,http://nanterre-ensemble.fr/,Paris (Paris-LaDefense),Paris,1
Idex Groupe,https://www.idex.fr/,Paris (Paris-LaDefense),Paris,1
CEPIG,https://www.cepig.com/,Paris (Paris-LaDefense),Paris,1
Lextenso,https://www.lextenso.com,Paris (Paris-LaDefense),Paris,1
Axeo Services Sceaux,https://sceaux.axeoservices.fr/particulier/fiche-agence/,Paris (Paris-Montparnasse),Paris,6
7-29 Architectes,https://7-29.fr/,Paris (Paris-Montparnasse),Paris,4
The English You Need,http://www.theenglishyouneed.com,Paris (Paris-Montparnasse),Paris,1
Mathworks,http://www.mathworks.fr,Paris (Paris-Montparnasse),Paris,1
Theoreme,http://www.theoreme.fr,Paris (Paris-Montparnasse),Paris,1
Groupe D.FI,https://www.d-fi.fr/,Paris (Paris-Montparnasse),Paris,1
Intel Corporation,http://www.intel.fr,Paris (Paris-Montparnasse),Paris,1
E.S.R.,http://www.esr.fr,Paris (Paris-Montparnasse),Paris,1
Ipsen,https://www.ipsen.com/,Paris (Paris-Montparnasse),Paris,1
Gilead Sciences,https://www.gilead.com/,Paris (Paris-Montparnasse),Paris,1
Q-Park France,https://www.q-park.fr/,Paris (Paris-Montparnasse),Paris,1
Arjowiggins,https://www.arjowiggins.com/,Paris (Paris-Montparnasse),Paris,1
Antalis International (Groupe Sequana),https://www.antalis.fr/,Paris (Paris-Montparnasse),Paris,1
Pacte Novation,https://www.pactenovation.fr,Paris (Paris-Montparnasse),Paris,1
Sodexo,https://www.sodexo.com/,Paris (Paris-Montparnasse),Paris,1
Adhap services,https://www.adhapservices.fr/aide-a-domicile-lhay-les-roses/,Paris (Paris-Montparnasse),Paris,1
École de Conduite et de Formation Taxis,https://www.ecft.fr,Paris (Paris-Montparnasse),Paris,1
Alpha Taxis,https://reservation.alphataxis.fr/,Paris (Paris-Montparnasse),Paris,1
Gescop,https://www.gescop.fr/,Paris (Paris-Montparnasse),Paris,1
Bailly Déménagements Boulogne-Billancourt,https://www.bailly-demenagement-boulognebillancourt.fr/,Paris (Paris-Montparnasse),Paris,1
Générale des services,http://bourg-la-reine.generaledesservices.com/,Paris (Paris-Montparnasse),Paris,1
Netatmo,https://www.netatmo.com,Paris (Paris-Montparnasse),Paris,1
Perene,https://www.perene.fr/magasin/perene-clamart,Paris (Paris-Montparnasse),Paris,1
Cortex France,https://cortexfrance.fr/,Paris (Paris-Montparnasse),Paris,1
PackMan,https://pack-man.fr,Paris (Paris-Montparnasse),Paris,1
Atelier de Midi,https://atelierdemidi.fr/,Paris (Paris-Montparnasse),Paris,1
Paris Saint-Germain,https://www.psg.fr,Paris (Paris-Montparnasse),Paris,1
Atelier BE,https://bagneuxenvironnement.org/2022/09/13/venir-a-latelier-be-en-10-questions/,Paris (Paris-Montparnasse),Paris,1
Studio Ancalime,https://studio-ancalime.com,"Fontainebleau, France",Fontainebleau,6
Peugeot - SARL Glorieux Automobiles,https://concessions.peugeot.fr/milly-la-foret/nous-contacter/info-utiles/,"Fontainebleau, France",Fontainebleau,4
Garage Moderne - Citroën,https://reseau.citroen.fr/reparateur-milly-la-foret,"Fontainebleau, France",Fontainebleau,4
Travaux Publics de Soisy (TPS),https://www.travaux-publics-soisy-tps-91.fr/,"Fontainebleau, France",Fontainebleau,4
Brillance-Net,https://brillance-net.web-presta.fr,"Fontainebleau, France",Fontainebleau,3
Mrb Bat,https://mrbbat.web-presta.fr,"Fontainebleau, France",Fontainebleau,3
Geovariances,https://www.geovariances.com/,"Fontainebleau, France",Fontainebleau,1
Adhome Services,https://www.adhome-services.fr/,"Fontainebleau, France",Fontainebleau,1
Espace Multimedia Fontainebleau,https://em-fontainebleau.fr,"Fontainebleau, France",Fontainebleau,1
SmartOne,https://www.smart-one.fr,"Fontainebleau, France",Fontainebleau,1
Pigment Communication,https://www.pigment-communication.fr/,"Fontainebleau, France",Fontainebleau,1
ACNS Automatismes Commandes Numériques Systèmes,https://www.acns.fr/,"Fontainebleau, France",Fontainebleau,1
Aptibois Machine A Bois,https://www.aptibois.fr/,"Fontainebleau, France",Fontainebleau,1
Multimédia Audio Ménager,https://multimedia-audio-menager.business.site/,"Fontainebleau, France",Fontainebleau,1
La Halle Informatique,https://la-halle-informatique.business.site/,"Fontainebleau, France",Fontainebleau,1
Extra - Jouandon,https://www.extra.fr/magasin/extra-fontainebleau,"Fontainebleau, France",Fontainebleau,1
Groupe Fondasol - Paris - Ile De France Est,https://www.groupefondasol.com/fr/reseau/nos-implantations/cesson,"Fontainebleau, France",Fontainebleau,1
CS 77,https://cs77.fr,"Fontainebleau, France",Fontainebleau,1
Bercauverre,https://www.bercauverre.eu/,"Fontainebleau, France",Fontainebleau,1
Avrbat,https://www.avrbat.fr,"Fontainebleau, France",Fontainebleau,1
Les déménageurs bretons,https://fontainebleau.demenageurs-bretons.fr/,"Fontainebleau, France",Fontainebleau,1
Centre Services,https://fontainebleau.centreservices.fr/,"Fontainebleau, France",Fontainebleau,1
Centre Services Melun - Ménage et Repassage,https://melun.centreservices.fr/,"Fontainebleau, France",Fontainebleau,1
Centre Services Nemours - Ménage et Repassage,https://nemours.centreservices.fr/,"Fontainebleau, France",Fontainebleau,1
Maison 7e Sens,https://maison7esens.fr/,"Fontainebleau, France",Fontainebleau,1
Globecast - Téléport de Saint-Assise,https://www.globecast.com/,"Fontainebleau, France",Fontainebleau,1
Les gentlemen du déménagement,https://www.rberton.com/,"Fontainebleau, France",Fontainebleau,1
Aviation Design,https://www.aviation-design.fr/,"Fontainebleau, France",Fontainebleau,1
Centre pédagogique Forestier de Fontainebleau,https://www.onf.fr/vivre-la-foret/%2B/1d99::centre-pedagogique-forestier-de-fontainebleau.html,"Fontainebleau, France",Fontainebleau,1
Collège Nazareth - La Salle,http://www.college-nazareth-voisenon.com/,"Fontainebleau, France",Fontainebleau,1
Cellule nationale de formation au secourisme,https://www.gendarmerie.interieur.gouv.fr/cegn/les-centres-de-formation/cellule-nationale-de-formation-au-secourisme-cnfs,"Fontainebleau, France",Fontainebleau,-2
Wireless and Web,https://www.wirelessandweb.com,"Cannes, France",Cannes,6
Kappa Engineering,https://www.kappaeng.com/,"Cannes, France",Cannes,4
Septeo Proptech,http://www.kinaxia.fr,"Cannes, France",Cannes,4
Akka Technologies,https://www.akka.eu,"Cannes, France",Cannes,4
LIM SAS Agence SUD,https://lim.eu/,"Cannes, France",Cannes,4
iQualit,http://www.iqualit.com,"Cannes, France",Cannes,4
Compagnie Des Déboucheurs Alpes-Maritimes,https://www.compagnie-deboucheurs.com/alpes-maritimes/,"Cannes, France",Cannes,4
Pisoni publicité,https://www.pisoni.fr/,"Cannes, France",Cannes,4
Antibes Informatique,https://contact-368b.myshopify.com/,"Cannes, France",Cannes,1
Astek Sud-Est,https://www.groupeastek.com/,"Cannes, France",Cannes,1
Extra - Ets Perez,https://www.extra.fr/magasin/extra-le-plan-de-grasse,"Cannes, France",Cannes,1
Afp Le Cannet,https://www.fenetresafplecannet.com/,"Cannes, France",Cannes,1
Clic' Ordi,http://www.clic-ordi.com,"Cannes, France",Cannes,1
BayLibre,https://baylibre.com/,"Cannes, France",Cannes,1
Actif Azur,https://actif-azur.com,"Cannes, France",Cannes,1
Innovelia,http://www.innovelia.com/,"Cannes, France",Cannes,1
DAAB,https://www.daab.fr/,"Cannes, France",Cannes,1
S.I.I Société pour l'Informatique Industrielle,https://sii-group.com/fr-FR,"Cannes, France",Cannes,1
Idea Casa,http://www.ideacasa.fr,"Cannes, France",Cannes,1
Infotel Conseil,https://www.infotel.com/,"Cannes, France",Cannes,1
Avenir,https://www.avenir-computer.com/,"Cannes, France",Cannes,1
TRAXxs SAS,https://traxxs.net,"Cannes, France",Cannes,1
Instant System,https://instant-system.com/,"Cannes, France",Cannes,1
Ice computer.fr,https://icecomputer.fr/,"Cannes, France",Cannes,1
Aliant,https://aliant.fr,"Cannes, France",Cannes,1
France 3 Côte d'Azur,https://france3-regions.francetvinfo.fr/provence-alpes-cote-d-azur/,"Cannes, France",Cannes,1
Ubaldi,https://www.ubaldi.com/magasins/provence-alpes-cote-d-azur/antibes/electro-cuisine-info/3-electro-cuisine-antibes,"Cannes, France",Cannes,1
Les Demoiselles Du Téléphone,https://www.lesdemoiselles.tel/,"Cannes, France",Cannes,1
Sudelectro.com,https://www.sudelectro.com/,"Cannes, France",Cannes,1
CoNext,https://conext.computer,"Cannes, France",Cannes,1
Générale Des Services Cannes,https://lerins-services.fr/,"Cannes, France",Cannes,1
Carere,https://www.carere.fr,"Cannes, France",Cannes,1
Carlo Sweering,https://sweering.com,"Cannes, France",Cannes,1
TéléValbonne,https://www.televalbonne.fr/,"Cannes, France",Cannes,1
aepsilon,https://aepsilon.com/,"Cannes, France",Cannes,1
Télé Hifi Albert 1er,https://telehifialbert1er.site-solocal.com/,"Cannes, France",Cannes,1
Orbisur,https://www.orbisur.com/,"Cannes, France",Cannes,1
Recode,https://www.recode.fr,"Cannes, France",Cannes,1
Centre d'affaires du loup,https://www.centre-affaires-du-loup.fr/,"Cannes, France",Cannes,1
Aquatiris,https://www.aquatiris.com/expert/aquatiris-alpes-maritimes/,"Cannes, France",Cannes,1
Centre Services Cannes - Ménage et Repassage,https://cannes.centreservices.fr,"Cannes, France",Cannes,1
ALTA VISION Géomètre-Expert,https://www.altavision.fr,"Cannes, France",Cannes,1
Ampère (Renault),https://www.ampere.cars/,"Cannes, France",Cannes,1
Celad,https://www.celad.com/,"Cannes, France",Cannes,1
Bertrandt,https://www.bertrandt.com/,"Cannes, France",Cannes,1
MaxeV,https://www.maxev.fr/,"Cannes, France",Cannes,1
Kapsys,https://www.kapsys.com/en/,"Cannes, France",Cannes,1
Greenerwave,https://www.greenerwave.com/,"Cannes, France",Cannes,1
Extra - Ets Balena,https://www.extra.fr/magasin/extra-cagnes-sur-mer,"Cannes, France",Cannes,1
YouStock Cannes - Stockage et Déménagement,https://www.youstock.com,"Cannes, France",Cannes,1
Advans Group;Avisto Telecom;Elsys Design,https://www.advans-group.com;https://www.avisto.com;https://www.elsys-design.com,"Cannes, France",Cannes,1
STPS,http://stps-plomberie.fr/,"Cannes, France",Cannes,1
HERMAN & ARNAL,https://herman-arnal.com/paiement-en-cryptomonnaie-pour-projet-architecture/,"Cannes, France",Cannes,1
Esccom Formation Professionnelle - Cannes,https://esccom.net/formation-continue/,"Cannes, France",Cannes,-2
FLC Formation - Antibes Juan-les-Pins,https://www.flcformation.fr/,"Cannes, France",Cannes,-2
FLC Formation - Villeneuve - Loubet,https://www.flcformation.fr/etablissement/villeneuve-loubet/,"Cannes, France",Cannes,-2
Airtech Peinture,https://www.airtechpeinture.fr/,"Auxerre, France",Auxerre,6
Techno Textiles de Bourgogne,https://www.technotextiles89.com/,"Auxerre, France",Auxerre,6
Vital Aire,https://fr.vitalaire.com/,"Auxerre, France",Auxerre,4
Petit Forestier,https://www.petitforestier.com/,"Auxerre, France",Auxerre,4
Lhuillier expertise automobile,https://www.expertise-lhuillier.fr/,"Auxerre, France",Auxerre,4
Ad'elite,https://ad-elite.fr/,"Auxerre, France",Auxerre,4
Papyhappy,https://www.papyhappy.fr/,"Auxerre, France",Auxerre,4
Yonne Conditionnement,https://yonne-conditionnement.com/,"Auxerre, France",Auxerre,4
Blanchisserie Interhospitalière,https://gcs-bih-auxerre.fr/,"Auxerre, France",Auxerre,4
A. J. L'Atelier des Jeux,https://www.atelierjeux.fr,"Auxerre, France",Auxerre,4
Bourgogne Produits Frais,https://www.bpfrais.fr/,"Auxerre, France",Auxerre,4
IDS solutions conditionnement,http://idssolutionsconditionnement.com/,"Auxerre, France",Auxerre,4
Travaux Publics Et Industriels Location,https://tpilocation.fr/,"Auxerre, France",Auxerre,4
SNAVEB,https://agence.sarp-assainissement.fr/,"Auxerre, France",Auxerre,3
Akena vérandas,https://www.akena.com/agences/akena-auxerre,"Auxerre, France",Auxerre,3
Savoirs Plus,https://qui-sommes-nous.savoirsplus.fr/,"Auxerre, France",Auxerre,1
Lapied Carrelage,https://www.carreleur-auxerre.com/,"Auxerre, France",Auxerre,1
SOS Informatique,https://www.depannage-sosinformatique.fr/,"Auxerre, France",Auxerre,1
Lely,https://www.lely.com/,"Auxerre, France",Auxerre,1
Amathis,http://www.amathis.fr/,"Auxerre, France",Auxerre,1
Re-Packed,https://re-packed.com/,"Auxerre, France",Auxerre,1
Humain Genealogy,https://humain-genealogy.com,"Auxerre, France",Auxerre,1
Allées de l'Yonne,https://alleesdelyonne.fr/,"Auxerre, France",Auxerre,1
Sfoc Gravier,https://www.sfoc.fr/,"Auxerre, France",Auxerre,1
2RF Conseil,https://www.2rfconseil.fr/,"Auxerre, France",Auxerre,1
Promut,https://promut.fr/,"Auxerre, France",Auxerre,1
Td Bâtiment,https://www.td-batiment.fr/,"Auxerre, France",Auxerre,1
Fereira Diz Nettoyage,https://www.ferreiradiznettoyage.com/,"Auxerre, France",Auxerre,1
Abaqsys,https://abaqsys.com/,"Auxerre, France",Auxerre,1
Dactyl Konica Minolta,https://kmcl.fr/,"Auxerre, France",Auxerre,1
Geotec,https://www.geotec.fr/,"Auxerre, France",Auxerre,1
Apave,https://france.apave.com/,"Auxerre, France",Auxerre,1
Adrexo,https://adrexo.fr/,"Auxerre, France",Auxerre,1
JLB BTP,https://jlbtp.com/,"Auxerre, France",Auxerre,1
cooks and bar,https://www.cooksbar.com/,"Auxerre, France",Auxerre,1
L Forms,https://www.l-forms.fr/,"Auxerre, France",Auxerre,1
Online Formapro,https://www.onlineformapro.com/,"Auxerre, France",Auxerre,1
Kairos Géolocalisation,https://kairosgeo.eu/,"Auxerre, France",Auxerre,1
Elvezia,https://elvezia.fr/,"Auxerre, France",Auxerre,1
Diaméo,https://www.diameo.fr/,"Auxerre, France",Auxerre,1
Conectia Telecom,https://conectia.fr/,"Auxerre, France",Auxerre,1
AJ Services,https://www.ajservices89.fr/,"Auxerre, France",Auxerre,1
Bios,https://www.be-bios.com/,"Auxerre, France",Auxerre,1
Atelier Canopé 89,https://www.reseau-canope.fr/academie-de-dijon/atelier-canope-89-auxerre,"Auxerre, France",Auxerre,1
Komatsu,https://www.komatsu.eu,"Auxerre, France",Auxerre,1
Attila,https://www.attila.fr,"Auxerre, France",Auxerre,1
De colonna,https://www.decolonna.com,"Auxerre, France",Auxerre,1
Tempo Grille,https://www.tempogrille.fr,"Auxerre, France",Auxerre,1
Chevillard et Fils,https://www.chevillard-et-fils.com/,"Auxerre, France",Auxerre,1
Courtet,https://www.demenagement-courtet.com/,"Auxerre, France",Auxerre,1
Alpha Medical,https://www.alpha-medical.fr/,"Auxerre, France",Auxerre,1
Foie gras Rabuat,https://www.foiegras-rabuat.fr/,"Auxerre, France",Auxerre,1
BeesCom,https://www.beescom.fr/,"Auxerre, France",Auxerre,1
Demeco - Yonne Déménagements,https://www.demeco.fr/,"Auxerre, France",Auxerre,1
Extra,https://champs-sur-yonne.extra.fr/,"Auxerre, France",Auxerre,1
TII Move the World,https://www.tii-group.com,"Auxerre, France",Auxerre,1
La Ferme de Claire,https://www.ferme-claire-ulteria.fr/,"Auxerre, France",Auxerre,1
Ulteria,https://www.ulteria.fr/,"Auxerre, France",Auxerre,1
Unibéton,https://www.betons.heidelbergmaterials.fr/fr/implantations-contacts/centrales-beton/region-est/centrale-beton-auxerre-saint-bris-le-vineux-89,"Auxerre, France",Auxerre,1
ASC,https://www.asc-racing.fr/,"Auxerre, France",Auxerre,1
Actemium,https://www.actemium.fr,"Auxerre, France",Auxerre,1
"Icaupack 4,0",https://www.icaupack.com/,"Auxerre, France",Auxerre,1
Laboratoires Galien Macors,https://www.galien.com/,"Auxerre, France",Auxerre,1
Byon,https://www.byon.fr/,"Auxerre, France",Auxerre,1
Mouvex,https://www.psgdover.com/fr/mouvex,"Auxerre, France",Auxerre,1
Layer,https://www.layer.fr,"Auxerre, France",Auxerre,1
Mabéo Industries,https://www.mabeo-industries.com/,"Auxerre, France",Auxerre,1
Cablerie Sab,https://sab-cables.com/,"Auxerre, France",Auxerre,1
Elior Restauration,https://www.elior.fr/,"Auxerre, France",Auxerre,1
Gebat Constructions,https://www.gebat-constructions.fr/,"Auxerre, France",Auxerre,1
Anthalys,https://www.anthalys.com/,"Auxerre, France",Auxerre,1
SARL Upsilon,https://site.upsilon89.com/,"Auxerre, France",Auxerre,1
AbSkill,https://www.abskill.com/,"Auxerre, France",Auxerre,1
Komilfo,https://www.komilfo.fr/magasins/genies-creations-auxerre-89,"Auxerre, France",Auxerre,1
Extra - Delingette,https://www.extra.fr/magasin/extra-chablis,"Auxerre, France",Auxerre,1
Lamblin & Fils,https://www.lamblin.com/,"Auxerre, France",Auxerre,1
Serge Cheveau,https://www.cheveau.com/,"Auxerre, France",Auxerre,1
Transport Bethery,https://www.facebook.com/transportsbetherygilles/,"Auxerre, France",Auxerre,1
Efco Formation,https://efco-formation.com/,"Auxerre, France",Auxerre,-2
Forqa Formation,https://www.forqa-groupe.com/,"Auxerre, France",Auxerre,-2
